loss,mae,mape,r2,rmse,status
0.0287372715394547,0.1086341465949106,29.76942629893145,-0.0019628234995405,0.136884153719321,ok
0.028756593090915815,0.10866750116628081,29.73814948895908,-0.002996030293581642,0.1369547118244415,ok
