loss,mae,mape,r2,rmse,status
0.0287372715394547,0.1086341465949106,29.76942629893145,-0.0019628234995405,0.136884153719321,ok
0.0287565930909158,0.1086675011662808,29.73814948895908,-0.0029960302935816,0.1369547118244415,ok
0.0187449133232025,0.1086501880106076,29.771918362829457,-0.0023714626765125,0.1369120641988958,ok
0.0187372715394547,0.1086341465949106,29.76942629893145,-0.0019628234995405,0.136884153719321,ok
0.018744039390735,0.1086415992708014,29.773011684025224,-0.0023247297335176,0.1369088725785696,ok
0.0187484912115254,0.1086453965779225,29.73260054940993,-0.0025627878157465,0.1369251299489084,ok
0.0187446299783208,0.1086435171472184,29.76493903973826,-0.0023563110021023,0.1369110294253931,ok
0.0140160496836219,0.0939377522445664,inf,-0.000456476242,0.1183893985271569,ok
0.014154017171799907,0.09472228709675137,25.458479820748693,-0.00010808208472457004,0.11897065676796068,ok
