loss,mae,mape,r2,rmse,status
0.0287372715394547,0.1086341465949106,29.76942629893145,-0.0019628234995405,0.136884153719321,ok
0.0287565930909158,0.1086675011662808,29.73814948895908,-0.0029960302935816,0.1369547118244415,ok
0.018744913323202578,0.10865018801060763,29.771918362829457,-0.002371462676512559,0.13691206419889584,ok
